<?xml version='1.0' encoding='UTF-8'?>
<export version="R5#1.2">
	<product id='18'>
	<pkey>TSA</pkey>
	<planningPokerGameType>1</planningPokerGameType>
	<startDate>2012-08-17 00:00:00</startDate>
	<endDate>2012-11-15 00:00:00</endDate>
	<lastUpdated>2012-08-17 15:47:39</lastUpdated>
	<dateCreated>2012-08-17 14:42:59</dateCreated>
	<name><![CDATA[Timesheet Assistant]]></name>
	<description/>
	<preferences>
		<hidden>false</hidden>
		<url></url>
		<noEstimation>false</noEstimation>
		<autoDoneStory>false</autoDoneStory>
		<displayRecurrentTasks>true</displayRecurrentTasks>
		<displayUrgentTasks>true</displayUrgentTasks>
		<assignOnCreateTask>false</assignOnCreateTask>
		<assignOnBeginTask>true</assignOnBeginTask>
		<autoCreateTaskOnEmptyStory>false</autoCreateTaskOnEmptyStory>
		<limitUrgentTasks>0</limitUrgentTasks>
		<estimatedSprintsDuration>14</estimatedSprintsDuration>
		<hideWeekend>false</hideWeekend>
		<sprintPlanningHour>9:00</sprintPlanningHour>
		<releasePlanningHour>9:00</releasePlanningHour>
		<dailyMeetingHour>11:00</dailyMeetingHour>
		<sprintReviewHour>14:00</sprintReviewHour>
		<sprintRetrospectiveHour>16:00</sprintRetrospectiveHour>
		<timezone>Africa/Abidjan</timezone>
	</preferences>
	<teams>

		<team uid='2a09fa82e533b7a7eba2f723e8a48e08'>
			<velocity>0</velocity>
			<dateCreated>2012-08-17 14:42:57</dateCreated>
			<name><![CDATA[Timesheet Assistant team 2012-08-17 14:42:57.787]]></name>
			<description/>
			<preferences>
				<allowNewMembers>false</allowNewMembers>
			</preferences>
			<members>
				<user uid='8aa3a87666ee6372be6732ac03d2708c'>
					<id>2</id>
					<username>fcuenca</username>
					<password>5b8689a7517daf36019820d834bb0ac830d8cf2765a8dcf2c42cbc2dd300544b</password>
					<email>fcuenca@teksystems.com</email>
					<dateCreated>2012-07-19 20:45:56</dateCreated>
					<enabled>true</enabled>
					<accountExpired>false</accountExpired>
					<accountLocked>false</accountLocked>
					<passwordExpired>false</passwordExpired>
					<accountExternal>false</accountExternal>
					<lastName><![CDATA[Cuenca]]></lastName>
					<firstName><![CDATA[Fernando]]></firstName>
					<preferences>
						<language>en</language>
						<activity>Coach</activity>
						<filterTask>allTasks</filterTask>
						<menu>[project:1, sprintPlan:6, releasePlan:5, backlog:3, sandbox:2, timeline:4]</menu>
						<menuHidden>[feature:2, actor:1]</menuHidden>
						<hideDoneState>false</hideDoneState>
					</preferences>
					<teams>
						<team uid='2a09fa82e533b7a7eba2f723e8a48e08'/>
						<team uid='23508886f1a355334d26b186960518e5'/>
					</teams>
				</user>
			</members>
			<scrumMasters>
				<scrumMaster uid='8aa3a87666ee6372be6732ac03d2708c'/>
			</scrumMasters>
		</team>
	</teams>
	<releases>
		<release id='19'>
			<state>2</state>
			<releaseVelocity>0.0</releaseVelocity>
			<endDate>2012-11-15 00:00:00</endDate>
			<startDate>2012-08-17 00:00:00</startDate>
			<orderNumber>1</orderNumber>
			<lastUpdated>2012-08-17 14:43:00</lastUpdated>
			<dateCreated>2012-08-17 14:42:59</dateCreated>
			<name><![CDATA[R1]]></name>
			<vision/>
			<description/>
			<goal/>
			<sprints>
				<sprint id='20'>
					<state>1</state>
					<dailyWorkTime>8.0</dailyWorkTime>
					<velocity>0.0</velocity>
					<capacity>0.0</capacity>
					<resource/>
					<endDate>2012-08-30 00:00:00</endDate>
					<startDate>2012-08-17 00:00:00</startDate>
					<orderNumber>1</orderNumber>
					<activationDate/>
					<closeDate/>
					<lastUpdated>2012-08-17 14:43:00</lastUpdated>
					<dateCreated>2012-08-17 14:43:00</dateCreated>
					<retrospective/>
					<doneDefinition/>
					<description/>
					<goal><![CDATA[Generated Sprint]]></goal>
					<tasks/>
					<stories/>
					<cliches/>
				</sprint>
				<sprint id='21'>
					<state>1</state>
					<dailyWorkTime>8.0</dailyWorkTime>
					<velocity>0.0</velocity>
					<capacity>0.0</capacity>
					<resource/>
					<endDate>2012-09-13 00:00:00</endDate>
					<startDate>2012-08-31 00:00:00</startDate>
					<orderNumber>2</orderNumber>
					<activationDate/>
					<closeDate/>
					<lastUpdated>2012-08-17 14:43:00</lastUpdated>
					<dateCreated>2012-08-17 14:43:00</dateCreated>
					<retrospective/>
					<doneDefinition/>
					<description/>
					<goal><![CDATA[Generated Sprint]]></goal>
					<tasks/>
					<stories/>
					<cliches/>
				</sprint>
				<sprint id='22'>
					<state>1</state>
					<dailyWorkTime>8.0</dailyWorkTime>
					<velocity>0.0</velocity>
					<capacity>0.0</capacity>
					<resource/>
					<endDate>2012-09-27 00:00:00</endDate>
					<startDate>2012-09-14 00:00:00</startDate>
					<orderNumber>3</orderNumber>
					<activationDate/>
					<closeDate/>
					<lastUpdated>2012-08-17 14:43:00</lastUpdated>
					<dateCreated>2012-08-17 14:43:00</dateCreated>
					<retrospective/>
					<doneDefinition/>
					<description/>
					<goal><![CDATA[Generated Sprint]]></goal>
					<tasks/>
					<stories/>
					<cliches/>
				</sprint>
				<sprint id='23'>
					<state>1</state>
					<dailyWorkTime>8.0</dailyWorkTime>
					<velocity>0.0</velocity>
					<capacity>0.0</capacity>
					<resource/>
					<endDate>2012-10-11 00:00:00</endDate>
					<startDate>2012-09-28 00:00:00</startDate>
					<orderNumber>4</orderNumber>
					<activationDate/>
					<closeDate/>
					<lastUpdated>2012-08-17 14:43:00</lastUpdated>
					<dateCreated>2012-08-17 14:43:00</dateCreated>
					<retrospective/>
					<doneDefinition/>
					<description/>
					<goal><![CDATA[Generated Sprint]]></goal>
					<tasks/>
					<stories/>
					<cliches/>
				</sprint>
				<sprint id='24'>
					<state>1</state>
					<dailyWorkTime>8.0</dailyWorkTime>
					<velocity>0.0</velocity>
					<capacity>0.0</capacity>
					<resource/>
					<endDate>2012-10-25 00:00:00</endDate>
					<startDate>2012-10-12 00:00:00</startDate>
					<orderNumber>5</orderNumber>
					<activationDate/>
					<closeDate/>
					<lastUpdated>2012-08-17 14:43:00</lastUpdated>
					<dateCreated>2012-08-17 14:43:00</dateCreated>
					<retrospective/>
					<doneDefinition/>
					<description/>
					<goal><![CDATA[Generated Sprint]]></goal>
					<tasks/>
					<stories/>
					<cliches/>
				</sprint>
				<sprint id='25'>
					<state>1</state>
					<dailyWorkTime>8.0</dailyWorkTime>
					<velocity>0.0</velocity>
					<capacity>0.0</capacity>
					<resource/>
					<endDate>2012-11-08 00:00:00</endDate>
					<startDate>2012-10-26 00:00:00</startDate>
					<orderNumber>6</orderNumber>
					<activationDate/>
					<closeDate/>
					<lastUpdated>2012-08-17 14:43:00</lastUpdated>
					<dateCreated>2012-08-17 14:43:00</dateCreated>
					<retrospective/>
					<doneDefinition/>
					<description/>
					<goal><![CDATA[Generated Sprint]]></goal>
					<tasks/>
					<stories/>
					<cliches/>
				</sprint>
			</sprints>
			<cliches/>
		</release>
	</releases>
	<actors/>
	<features>
		<feature uid='1'>
			<color>blue</color>
			<value>0</value>
			<type>0</type>
			<rank>1</rank>
			<creationDate>2012-08-17 17:08:59</creationDate>
			<name><![CDATA[Browsing]]></name>
			<notes/>
			<description/>
			<stories>
				<story uid='1'/>
				<story uid='2'/>
				<story uid='8'/>
			</stories>
			<attachments/>
		</feature>
		<feature uid='2'>
			<color>green</color>
			<value>0</value>
			<type>0</type>
			<rank>2</rank>
			<creationDate>2012-08-17 17:09:50</creationDate>
			<name><![CDATA[Single Card Timesheets]]></name>
			<notes/>
			<description/>
			<stories>
				<story uid='3'/>
				<story uid='4'/>
			</stories>
			<attachments/>
		</feature>
		<feature uid='3'>
			<color>red</color>
			<value>0</value>
			<type>0</type>
			<rank>3</rank>
			<creationDate>2012-08-17 17:13:23</creationDate>
			<name><![CDATA[Multi-Card Timesheets]]></name>
			<notes/>
			<description/>
			<stories>
				<story uid='5'/>
				<story uid='11'/>
			</stories>
			<attachments/>
		</feature>
		<feature uid='4'>
			<color>orange</color>
			<value>0</value>
			<type>0</type>
			<rank>4</rank>
			<creationDate>2012-08-17 17:15:41</creationDate>
			<name><![CDATA[Automation]]></name>
			<notes/>
			<description/>
			<stories>
				<story uid='10'/>
			</stories>
			<attachments/>
		</feature>
	</features>
	<stories>

		<story uid='8'>
			<state>3</state>
			<suggestedDate>2012-08-17 15:46:03</suggestedDate>
			<acceptedDate>2012-08-17 15:53:27</acceptedDate>
			<estimatedDate>2012-08-17 16:05:11</estimatedDate>
			<plannedDate/>
			<inProgressDate/>
			<doneDate/>
			<effort>1</effort>
			<value>0</value>
			<rank>10</rank>
			<creationDate>2012-08-17 15:46:03</creationDate>
			<type>0</type>
			<executionFrequency>1</executionFrequency>
			<name><![CDATA[Go to "today"]]></name>
			<textAs/>
			<textICan/>
			<textTo/>
			<notes><![CDATA[Asumption: this story is really about figuring out what is "today" (or using that functionality if already implemented) and then invoking whatever functionality exists already (or not) to display the current week. It's assumed that other stories will take care of implementing the actual display of a timesheet.]]></notes>
			<description><![CDATA[When viewing past timesheets,  there's a quick way to reselect and go back to the current week.]]></description>
			<creator uid='8aa3a87666ee6372be6732ac03d2708c'/>
			<feature uid='1'/>
			<actor />
			<tasks/>
			<comments/>
			<activities>

				<activity id='51'>
					<dateCreated>2012-08-17 15:46:03</dateCreated>
					<posterId>2</posterId>
					<posterClass>org.icescrum.core.domain.User</posterClass>
					<code>save</code>
					<cachedLabel><![CDATA[Go to "today"]]></cachedLabel>
					<cachedDescription/>
				</activity>

				<activity id='58'>
					<dateCreated>2012-08-17 15:53:27</dateCreated>
					<posterId>2</posterId>
					<posterClass>org.icescrum.core.domain.User</posterClass>
					<code>acceptAs</code>
					<cachedLabel><![CDATA[Go to "today"]]></cachedLabel>
					<cachedDescription/>
				</activity>

				<activity id='67'>
					<dateCreated>2012-08-17 15:56:27</dateCreated>
					<posterId>2</posterId>
					<posterClass>org.icescrum.core.domain.User</posterClass>
					<code>update</code>
					<cachedLabel><![CDATA[Go to "today"]]></cachedLabel>
					<cachedDescription/>
				</activity>

				<activity id='68'>
					<dateCreated>2012-08-17 15:56:27</dateCreated>
					<posterId>2</posterId>
					<posterClass>org.icescrum.core.domain.User</posterClass>
					<code>update</code>
					<cachedLabel><![CDATA[Go to "today"]]></cachedLabel>
					<cachedDescription/>
				</activity>

				<activity id='94'>
					<dateCreated>2012-08-17 16:05:11</dateCreated>
					<posterId>2</posterId>
					<posterClass>org.icescrum.core.domain.User</posterClass>
					<code>update</code>
					<cachedLabel><![CDATA[Go to "today"]]></cachedLabel>
					<cachedDescription/>
				</activity>
			</activities>
			<acceptanceTests/>
			<attachments/>
		</story>

		<story uid='1'>
			<state>3</state>
			<suggestedDate>2012-08-17 14:48:31</suggestedDate>
			<acceptedDate>2012-08-17 15:53:27</acceptedDate>
			<estimatedDate>2012-08-17 17:12:49</estimatedDate>
			<plannedDate/>
			<inProgressDate/>
			<doneDate/>
			<effort>1</effort>
			<value>0</value>
			<rank>1</rank>
			<creationDate>2012-08-17 14:48:30</creationDate>
			<type>0</type>
			<executionFrequency>1</executionFrequency>
			<name><![CDATA[Login to Timesheet System]]></name>
			<textAs/>
			<textICan/>
			<textTo/>
			<notes><![CDATA[Assumption: this story is about implementing only the log in, and then invoking code already implemented (or not) to display the current week. It's expected that this story will "display the current week" (whatever available at the moment of implementing this story.)]]></notes>
			<description><![CDATA[I can enter user name and password to log in into the system.]]></description>
			<creator uid='8aa3a87666ee6372be6732ac03d2708c'/>
			<feature uid='1'/>
			<actor />
			<tasks/>
			<comments/>
			<activities>

				<activity id='41'>
					<dateCreated>2012-08-17 14:48:31</dateCreated>
					<posterId>2</posterId>
					<posterClass>org.icescrum.core.domain.User</posterClass>
					<code>save</code>
					<cachedLabel><![CDATA[Login to Timesheet System]]></cachedLabel>
					<cachedDescription/>
				</activity>

				<activity id='65'>
					<dateCreated>2012-08-17 15:53:27</dateCreated>
					<posterId>2</posterId>
					<posterClass>org.icescrum.core.domain.User</posterClass>
					<code>acceptAs</code>
					<cachedLabel><![CDATA[Login to Timesheet System]]></cachedLabel>
					<cachedDescription/>
				</activity>

				<activity id='66'>
					<dateCreated>2012-08-17 15:55:08</dateCreated>
					<posterId>2</posterId>
					<posterClass>org.icescrum.core.domain.User</posterClass>
					<code>update</code>
					<cachedLabel><![CDATA[Login to Timesheet System]]></cachedLabel>
					<cachedDescription/>
				</activity>

				<activity id='95'>
					<dateCreated>2012-08-17 16:05:56</dateCreated>
					<posterId>2</posterId>
					<posterClass>org.icescrum.core.domain.User</posterClass>
					<code>update</code>
					<cachedLabel><![CDATA[Login to Timesheet System]]></cachedLabel>
					<cachedDescription/>
				</activity>

				<activity id='96'>
					<dateCreated>2012-08-17 16:05:56</dateCreated>
					<posterId>2</posterId>
					<posterClass>org.icescrum.core.domain.User</posterClass>
					<code>update</code>
					<cachedLabel><![CDATA[Login to Timesheet System]]></cachedLabel>
					<cachedDescription/>
				</activity>

				<activity id='97'>
					<dateCreated>2012-08-17 16:07:35</dateCreated>
					<posterId>2</posterId>
					<posterClass>org.icescrum.core.domain.User</posterClass>
					<code>update</code>
					<cachedLabel><![CDATA[Login to Timesheet System]]></cachedLabel>
					<cachedDescription/>
				</activity>

				<activity id='109'>
					<dateCreated>2012-08-17 17:12:49</dateCreated>
					<posterId>2</posterId>
					<posterClass>org.icescrum.core.domain.User</posterClass>
					<code>update</code>
					<cachedLabel><![CDATA[Login to Timesheet System]]></cachedLabel>
					<cachedDescription/>
				</activity>
			</activities>
			<acceptanceTests/>
			<attachments/>
		</story>

		<story uid='2'>
			<state>3</state>
			<suggestedDate>2012-08-17 14:54:06</suggestedDate>
			<acceptedDate>2012-08-17 15:53:27</acceptedDate>
			<estimatedDate>2012-08-17 17:17:08</estimatedDate>
			<plannedDate/>
			<inProgressDate/>
			<doneDate/>
			<effort>2</effort>
			<value>0</value>
			<rank>2</rank>
			<creationDate>2012-08-17 14:54:06</creationDate>
			<type>0</type>
			<executionFrequency>1</executionFrequency>
			<name><![CDATA[Current week is displayed by default]]></name>
			<textAs/>
			<textICan/>
			<textTo/>
			<notes><![CDATA[For this story, consider simple case (single card, single entry)]]></notes>
			<description><![CDATA[Upon login, the data for the current week is displayed by default.]]></description>
			<creator uid='8aa3a87666ee6372be6732ac03d2708c'/>
			<feature uid='1'/>
			<actor />
			<tasks/>
			<comments/>
			<activities>

				<activity id='42'>
					<dateCreated>2012-08-17 14:54:06</dateCreated>
					<posterId>2</posterId>
					<posterClass>org.icescrum.core.domain.User</posterClass>
					<code>save</code>
					<cachedLabel><![CDATA[Current week is displayed by default]]></cachedLabel>
					<cachedDescription/>
				</activity>

				<activity id='64'>
					<dateCreated>2012-08-17 15:53:27</dateCreated>
					<posterId>2</posterId>
					<posterClass>org.icescrum.core.domain.User</posterClass>
					<code>acceptAs</code>
					<cachedLabel><![CDATA[Current week is displayed by default]]></cachedLabel>
					<cachedDescription/>
				</activity>

				<activity id='69'>
					<dateCreated>2012-08-17 15:56:52</dateCreated>
					<posterId>2</posterId>
					<posterClass>org.icescrum.core.domain.User</posterClass>
					<code>update</code>
					<cachedLabel><![CDATA[Current week is displayed by default]]></cachedLabel>
					<cachedDescription/>
				</activity>

				<activity id='70'>
					<dateCreated>2012-08-17 15:56:52</dateCreated>
					<posterId>2</posterId>
					<posterClass>org.icescrum.core.domain.User</posterClass>
					<code>update</code>
					<cachedLabel><![CDATA[Current week is displayed by default]]></cachedLabel>
					<cachedDescription/>
				</activity>

				<activity id='93'>
					<dateCreated>2012-08-17 16:03:37</dateCreated>
					<posterId>2</posterId>
					<posterClass>org.icescrum.core.domain.User</posterClass>
					<code>update</code>
					<cachedLabel><![CDATA[Current week is displayed by default]]></cachedLabel>
					<cachedDescription/>
				</activity>

				<activity id='111'>
					<dateCreated>2012-08-17 17:16:31</dateCreated>
					<posterId>2</posterId>
					<posterClass>org.icescrum.core.domain.User</posterClass>
					<code>update</code>
					<cachedLabel><![CDATA[Current week is displayed by default]]></cachedLabel>
					<cachedDescription/>
				</activity>

				<activity id='112'>
					<dateCreated>2012-08-17 17:17:08</dateCreated>
					<posterId>2</posterId>
					<posterClass>org.icescrum.core.domain.User</posterClass>
					<code>update</code>
					<cachedLabel><![CDATA[Current week is displayed by default]]></cachedLabel>
					<cachedDescription/>
				</activity>
			</activities>
			<acceptanceTests/>
			<attachments/>
		</story>

		<story uid='3'>
			<state>3</state>
			<suggestedDate>2012-08-17 15:40:27</suggestedDate>
			<acceptedDate>2012-08-17 15:53:27</acceptedDate>
			<estimatedDate>2012-08-17 15:57:21</estimatedDate>
			<plannedDate/>
			<inProgressDate/>
			<doneDate/>
			<effort>2</effort>
			<value>0</value>
			<rank>3</rank>
			<creationDate>2012-08-17 15:40:27</creationDate>
			<type>0</type>
			<executionFrequency>1</executionFrequency>
			<name><![CDATA[Submit Single Card with Fixed Hours]]></name>
			<textAs/>
			<textICan/>
			<textTo/>
			<notes/>
			<description><![CDATA[I can submit a timesheet that contains a single card, entering a fixed number of hours all for the same code]]></description>
			<creator uid='8aa3a87666ee6372be6732ac03d2708c'/>
			<feature uid='2'/>
			<actor />
			<tasks/>
			<comments/>
			<activities>

				<activity id='43'>
					<dateCreated>2012-08-17 15:40:27</dateCreated>
					<posterId>2</posterId>
					<posterClass>org.icescrum.core.domain.User</posterClass>
					<code>save</code>
					<cachedLabel><![CDATA[Single Card Fixed Time Submission]]></cachedLabel>
					<cachedDescription/>
				</activity>

				<activity id='45'>
					<dateCreated>2012-08-17 15:42:28</dateCreated>
					<posterId>2</posterId>
					<posterClass>org.icescrum.core.domain.User</posterClass>
					<code>update</code>
					<cachedLabel><![CDATA[Submit Single Card with Fixed Time]]></cachedLabel>
					<cachedDescription/>
				</activity>

				<activity id='46'>
					<dateCreated>2012-08-17 15:42:38</dateCreated>
					<posterId>2</posterId>
					<posterClass>org.icescrum.core.domain.User</posterClass>
					<code>update</code>
					<cachedLabel><![CDATA[Submit Single Card with Fixed HOurs]]></cachedLabel>
					<cachedDescription/>
				</activity>

				<activity id='47'>
					<dateCreated>2012-08-17 15:42:43</dateCreated>
					<posterId>2</posterId>
					<posterClass>org.icescrum.core.domain.User</posterClass>
					<code>update</code>
					<cachedLabel><![CDATA[Submit Single Card with Fixed Hours]]></cachedLabel>
					<cachedDescription/>
				</activity>

				<activity id='63'>
					<dateCreated>2012-08-17 15:53:27</dateCreated>
					<posterId>2</posterId>
					<posterClass>org.icescrum.core.domain.User</posterClass>
					<code>acceptAs</code>
					<cachedLabel><![CDATA[Submit Single Card with Fixed Hours]]></cachedLabel>
					<cachedDescription/>
				</activity>

				<activity id='71'>
					<dateCreated>2012-08-17 15:57:21</dateCreated>
					<posterId>2</posterId>
					<posterClass>org.icescrum.core.domain.User</posterClass>
					<code>update</code>
					<cachedLabel><![CDATA[Submit Single Card with Fixed Hours]]></cachedLabel>
					<cachedDescription/>
				</activity>

				<activity id='72'>
					<dateCreated>2012-08-17 15:57:21</dateCreated>
					<posterId>2</posterId>
					<posterClass>org.icescrum.core.domain.User</posterClass>
					<code>update</code>
					<cachedLabel><![CDATA[Submit Single Card with Fixed Hours]]></cachedLabel>
					<cachedDescription/>
				</activity>
			</activities>
			<acceptanceTests/>
			<attachments/>
		</story>

		<story uid='6'>
			<state>3</state>
			<suggestedDate>2012-08-17 15:45:07</suggestedDate>
			<acceptedDate>2012-08-17 15:53:27</acceptedDate>
			<estimatedDate>2012-08-17 16:08:48</estimatedDate>
			<plannedDate/>
			<inProgressDate/>
			<doneDate/>
			<effort>8</effort>
			<value>0</value>
			<rank>11</rank>
			<creationDate>2012-08-17 15:45:07</creationDate>
			<type>0</type>
			<executionFrequency>1</executionFrequency>
			<name><![CDATA[Unsubmit a timesheet]]></name>
			<textAs/>
			<textICan/>
			<textTo/>
			<notes><![CDATA[This is an epic:
- it can be multiple card/single card
- it can be single entry/multiple entry]]></notes>
			<description/>
			<creator uid='8aa3a87666ee6372be6732ac03d2708c'/>
			<feature />
			<actor />
			<tasks/>
			<comments/>
			<activities>

				<activity id='49'>
					<dateCreated>2012-08-17 15:45:07</dateCreated>
					<posterId>2</posterId>
					<posterClass>org.icescrum.core.domain.User</posterClass>
					<code>save</code>
					<cachedLabel><![CDATA[Unsubmit a timesheet]]></cachedLabel>
					<cachedDescription/>
				</activity>

				<activity id='60'>
					<dateCreated>2012-08-17 15:53:27</dateCreated>
					<posterId>2</posterId>
					<posterClass>org.icescrum.core.domain.User</posterClass>
					<code>acceptAs</code>
					<cachedLabel><![CDATA[Unsubmit a timesheet]]></cachedLabel>
					<cachedDescription/>
				</activity>

				<activity id='79'>
					<dateCreated>2012-08-17 15:58:24</dateCreated>
					<posterId>2</posterId>
					<posterClass>org.icescrum.core.domain.User</posterClass>
					<code>update</code>
					<cachedLabel><![CDATA[Unsubmit a timesheet]]></cachedLabel>
					<cachedDescription/>
				</activity>

				<activity id='80'>
					<dateCreated>2012-08-17 15:58:25</dateCreated>
					<posterId>2</posterId>
					<posterClass>org.icescrum.core.domain.User</posterClass>
					<code>update</code>
					<cachedLabel><![CDATA[Unsubmit a timesheet]]></cachedLabel>
					<cachedDescription/>
				</activity>

				<activity id='98'>
					<dateCreated>2012-08-17 16:07:52</dateCreated>
					<posterId>2</posterId>
					<posterClass>org.icescrum.core.domain.User</posterClass>
					<code>update</code>
					<cachedLabel><![CDATA[Unsubmit a timesheet]]></cachedLabel>
					<cachedDescription/>
				</activity>

				<activity id='99'>
					<dateCreated>2012-08-17 16:07:52</dateCreated>
					<posterId>2</posterId>
					<posterClass>org.icescrum.core.domain.User</posterClass>
					<code>update</code>
					<cachedLabel><![CDATA[Unsubmit a timesheet]]></cachedLabel>
					<cachedDescription/>
				</activity>

				<activity id='101'>
					<dateCreated>2012-08-17 16:08:29</dateCreated>
					<posterId>2</posterId>
					<posterClass>org.icescrum.core.domain.User</posterClass>
					<code>update</code>
					<cachedLabel><![CDATA[Unsubmit a timesheet]]></cachedLabel>
					<cachedDescription/>
				</activity>

				<activity id='102'>
					<dateCreated>2012-08-17 16:08:48</dateCreated>
					<posterId>2</posterId>
					<posterClass>org.icescrum.core.domain.User</posterClass>
					<code>update</code>
					<cachedLabel><![CDATA[Unsubmit a timesheet]]></cachedLabel>
					<cachedDescription/>
				</activity>
			</activities>
			<acceptanceTests/>
			<attachments/>
		</story>

		<story uid='7'>
			<state>3</state>
			<suggestedDate>2012-08-17 15:45:20</suggestedDate>
			<acceptedDate>2012-08-17 15:53:27</acceptedDate>
			<estimatedDate>2012-08-17 16:02:22</estimatedDate>
			<plannedDate/>
			<inProgressDate/>
			<doneDate/>
			<effort>8</effort>
			<value>0</value>
			<rank>9</rank>
			<creationDate>2012-08-17 15:45:20</creationDate>
			<type>0</type>
			<executionFrequency>1</executionFrequency>
			<name><![CDATA[View past timesheets]]></name>
			<textAs/>
			<textICan/>
			<textTo/>
			<notes><![CDATA[Epic:
- consider single/multiple card
- consider single/multiple entry]]></notes>
			<description/>
			<creator uid='8aa3a87666ee6372be6732ac03d2708c'/>
			<feature />
			<actor />
			<tasks/>
			<comments/>
			<activities>

				<activity id='50'>
					<dateCreated>2012-08-17 15:45:20</dateCreated>
					<posterId>2</posterId>
					<posterClass>org.icescrum.core.domain.User</posterClass>
					<code>save</code>
					<cachedLabel><![CDATA[View past timesheets]]></cachedLabel>
					<cachedDescription/>
				</activity>

				<activity id='59'>
					<dateCreated>2012-08-17 15:53:27</dateCreated>
					<posterId>2</posterId>
					<posterClass>org.icescrum.core.domain.User</posterClass>
					<code>acceptAs</code>
					<cachedLabel><![CDATA[View past timesheets]]></cachedLabel>
					<cachedDescription/>
				</activity>

				<activity id='75'>
					<dateCreated>2012-08-17 15:57:57</dateCreated>
					<posterId>2</posterId>
					<posterClass>org.icescrum.core.domain.User</posterClass>
					<code>update</code>
					<cachedLabel><![CDATA[View past timesheets]]></cachedLabel>
					<cachedDescription/>
				</activity>

				<activity id='76'>
					<dateCreated>2012-08-17 15:57:57</dateCreated>
					<posterId>2</posterId>
					<posterClass>org.icescrum.core.domain.User</posterClass>
					<code>update</code>
					<cachedLabel><![CDATA[View past timesheets]]></cachedLabel>
					<cachedDescription/>
				</activity>

				<activity id='90'>
					<dateCreated>2012-08-17 16:01:20</dateCreated>
					<posterId>2</posterId>
					<posterClass>org.icescrum.core.domain.User</posterClass>
					<code>update</code>
					<cachedLabel><![CDATA[View past timesheets]]></cachedLabel>
					<cachedDescription/>
				</activity>

				<activity id='91'>
					<dateCreated>2012-08-17 16:01:20</dateCreated>
					<posterId>2</posterId>
					<posterClass>org.icescrum.core.domain.User</posterClass>
					<code>update</code>
					<cachedLabel><![CDATA[View past timesheets]]></cachedLabel>
					<cachedDescription/>
				</activity>

				<activity id='92'>
					<dateCreated>2012-08-17 16:02:22</dateCreated>
					<posterId>2</posterId>
					<posterClass>org.icescrum.core.domain.User</posterClass>
					<code>update</code>
					<cachedLabel><![CDATA[View past timesheets]]></cachedLabel>
					<cachedDescription/>
				</activity>
			</activities>
			<acceptanceTests/>
			<attachments/>
		</story>

		<story uid='10'>
			<state>3</state>
			<suggestedDate>2012-08-17 15:47:39</suggestedDate>
			<acceptedDate>2012-08-17 15:53:27</acceptedDate>
			<estimatedDate>2012-08-17 17:17:16</estimatedDate>
			<plannedDate/>
			<inProgressDate/>
			<doneDate/>
			<effort>13</effort>
			<value>0</value>
			<rank>5</rank>
			<creationDate>2012-08-17 15:47:39</creationDate>
			<type>0</type>
			<executionFrequency>1</executionFrequency>
			<name><![CDATA[Schedule automatic submission of timesheet]]></name>
			<textAs/>
			<textICan/>
			<textTo/>
			<notes/>
			<description><![CDATA[I can schedule a the submission of a timesheet using predefined values.]]></description>
			<creator uid='8aa3a87666ee6372be6732ac03d2708c'/>
			<feature uid='4'/>
			<actor />
			<tasks/>
			<comments/>
			<activities>

				<activity id='53'>
					<dateCreated>2012-08-17 15:47:39</dateCreated>
					<posterId>2</posterId>
					<posterClass>org.icescrum.core.domain.User</posterClass>
					<code>save</code>
					<cachedLabel><![CDATA[Schedule automatic submission of timesheet]]></cachedLabel>
					<cachedDescription/>
				</activity>

				<activity id='56'>
					<dateCreated>2012-08-17 15:53:27</dateCreated>
					<posterId>2</posterId>
					<posterClass>org.icescrum.core.domain.User</posterClass>
					<code>acceptAs</code>
					<cachedLabel><![CDATA[Schedule automatic submission of timesheet]]></cachedLabel>
					<cachedDescription/>
				</activity>

				<activity id='83'>
					<dateCreated>2012-08-17 15:58:58</dateCreated>
					<posterId>2</posterId>
					<posterClass>org.icescrum.core.domain.User</posterClass>
					<code>update</code>
					<cachedLabel><![CDATA[Schedule automatic submission of timesheet]]></cachedLabel>
					<cachedDescription/>
				</activity>

				<activity id='84'>
					<dateCreated>2012-08-17 15:58:58</dateCreated>
					<posterId>2</posterId>
					<posterClass>org.icescrum.core.domain.User</posterClass>
					<code>update</code>
					<cachedLabel><![CDATA[Schedule automatic submission of timesheet]]></cachedLabel>
					<cachedDescription/>
				</activity>

				<activity id='113'>
					<dateCreated>2012-08-17 17:17:16</dateCreated>
					<posterId>2</posterId>
					<posterClass>org.icescrum.core.domain.User</posterClass>
					<code>update</code>
					<cachedLabel><![CDATA[Schedule automatic submission of timesheet]]></cachedLabel>
					<cachedDescription/>
				</activity>
			</activities>
			<acceptanceTests/>
			<attachments/>
		</story>

		<story uid='4'>
			<state>3</state>
			<suggestedDate>2012-08-17 15:42:02</suggestedDate>
			<acceptedDate>2012-08-17 15:53:27</acceptedDate>
			<estimatedDate>2012-08-17 15:57:42</estimatedDate>
			<plannedDate/>
			<inProgressDate/>
			<doneDate/>
			<effort>3</effort>
			<value>0</value>
			<rank>6</rank>
			<creationDate>2012-08-17 15:42:02</creationDate>
			<type>0</type>
			<executionFrequency>1</executionFrequency>
			<name><![CDATA[Submit Single Card With Multiple Hours]]></name>
			<textAs/>
			<textICan/>
			<textTo/>
			<notes/>
			<description><![CDATA[I can submit a timesheet that has different hours and codes for different days in a single card]]></description>
			<creator uid='8aa3a87666ee6372be6732ac03d2708c'/>
			<feature uid='2'/>
			<actor />
			<tasks/>
			<comments/>
			<activities>

				<activity id='44'>
					<dateCreated>2012-08-17 15:42:02</dateCreated>
					<posterId>2</posterId>
					<posterClass>org.icescrum.core.domain.User</posterClass>
					<code>save</code>
					<cachedLabel><![CDATA[Submit Single Card With Multiple Hours]]></cachedLabel>
					<cachedDescription/>
				</activity>

				<activity id='62'>
					<dateCreated>2012-08-17 15:53:27</dateCreated>
					<posterId>2</posterId>
					<posterClass>org.icescrum.core.domain.User</posterClass>
					<code>acceptAs</code>
					<cachedLabel><![CDATA[Submit Single Card With Multiple Hours]]></cachedLabel>
					<cachedDescription/>
				</activity>

				<activity id='73'>
					<dateCreated>2012-08-17 15:57:42</dateCreated>
					<posterId>2</posterId>
					<posterClass>org.icescrum.core.domain.User</posterClass>
					<code>update</code>
					<cachedLabel><![CDATA[Submit Single Card With Multiple Hours]]></cachedLabel>
					<cachedDescription/>
				</activity>

				<activity id='74'>
					<dateCreated>2012-08-17 15:57:42</dateCreated>
					<posterId>2</posterId>
					<posterClass>org.icescrum.core.domain.User</posterClass>
					<code>update</code>
					<cachedLabel><![CDATA[Submit Single Card With Multiple Hours]]></cachedLabel>
					<cachedDescription/>
				</activity>
			</activities>
			<acceptanceTests/>
			<attachments/>
		</story>

		<story uid='9'>
			<state>3</state>
			<suggestedDate>2012-08-17 15:46:56</suggestedDate>
			<acceptedDate>2012-08-17 15:53:27</acceptedDate>
			<estimatedDate>2012-08-17 16:08:06</estimatedDate>
			<plannedDate/>
			<inProgressDate/>
			<doneDate/>
			<effort>8</effort>
			<value>0</value>
			<rank>8</rank>
			<creationDate>2012-08-17 15:46:56</creationDate>
			<type>0</type>
			<executionFrequency>1</executionFrequency>
			<name><![CDATA[Edit an unsubmitted timesheet]]></name>
			<textAs/>
			<textICan/>
			<textTo/>
			<notes><![CDATA[This is an epic:
- it can be multiple card/single card
- it can be single entry/multiple entry]]></notes>
			<description><![CDATA[I can change values in a timesheet that hasn't been submitted yet (or has been unsubmitted)]]></description>
			<creator uid='8aa3a87666ee6372be6732ac03d2708c'/>
			<feature />
			<actor />
			<tasks/>
			<comments/>
			<activities>

				<activity id='52'>
					<dateCreated>2012-08-17 15:46:56</dateCreated>
					<posterId>2</posterId>
					<posterClass>org.icescrum.core.domain.User</posterClass>
					<code>save</code>
					<cachedLabel><![CDATA[Edit an unsubmitted timesheet]]></cachedLabel>
					<cachedDescription/>
				</activity>

				<activity id='57'>
					<dateCreated>2012-08-17 15:53:27</dateCreated>
					<posterId>2</posterId>
					<posterClass>org.icescrum.core.domain.User</posterClass>
					<code>acceptAs</code>
					<cachedLabel><![CDATA[Edit an unsubmitted timesheet]]></cachedLabel>
					<cachedDescription/>
				</activity>

				<activity id='81'>
					<dateCreated>2012-08-17 15:58:48</dateCreated>
					<posterId>2</posterId>
					<posterClass>org.icescrum.core.domain.User</posterClass>
					<code>update</code>
					<cachedLabel><![CDATA[Edit an unsubmitted timesheet]]></cachedLabel>
					<cachedDescription/>
				</activity>

				<activity id='82'>
					<dateCreated>2012-08-17 15:58:49</dateCreated>
					<posterId>2</posterId>
					<posterClass>org.icescrum.core.domain.User</posterClass>
					<code>update</code>
					<cachedLabel><![CDATA[Edit an unsubmitted timesheet]]></cachedLabel>
					<cachedDescription/>
				</activity>

				<activity id='87'>
					<dateCreated>2012-08-17 15:59:34</dateCreated>
					<posterId>2</posterId>
					<posterClass>org.icescrum.core.domain.User</posterClass>
					<code>update</code>
					<cachedLabel><![CDATA[Edit an unsubmitted timesheet]]></cachedLabel>
					<cachedDescription/>
				</activity>

				<activity id='88'>
					<dateCreated>2012-08-17 15:59:34</dateCreated>
					<posterId>2</posterId>
					<posterClass>org.icescrum.core.domain.User</posterClass>
					<code>update</code>
					<cachedLabel><![CDATA[Edit an unsubmitted timesheet]]></cachedLabel>
					<cachedDescription/>
				</activity>

				<activity id='89'>
					<dateCreated>2012-08-17 16:00:36</dateCreated>
					<posterId>2</posterId>
					<posterClass>org.icescrum.core.domain.User</posterClass>
					<code>update</code>
					<cachedLabel><![CDATA[Edit an unsubmitted timesheet]]></cachedLabel>
					<cachedDescription/>
				</activity>

				<activity id='100'>
					<dateCreated>2012-08-17 16:08:06</dateCreated>
					<posterId>2</posterId>
					<posterClass>org.icescrum.core.domain.User</posterClass>
					<code>update</code>
					<cachedLabel><![CDATA[Edit an unsubmitted timesheet]]></cachedLabel>
					<cachedDescription/>
				</activity>
			</activities>
			<acceptanceTests/>
			<attachments/>
		</story>

		<story uid='11'>
			<state>3</state>
			<suggestedDate>2012-08-17 15:50:07</suggestedDate>
			<acceptedDate>2012-08-17 15:53:27</acceptedDate>
			<estimatedDate>2012-08-17 15:59:29</estimatedDate>
			<plannedDate/>
			<inProgressDate/>
			<doneDate/>
			<effort>5</effort>
			<value>0</value>
			<rank>7</rank>
			<creationDate>2012-08-17 15:50:07</creationDate>
			<type>0</type>
			<executionFrequency>1</executionFrequency>
			<name><![CDATA[Submit multiple-entry card]]></name>
			<textAs/>
			<textICan/>
			<textTo/>
			<notes/>
			<description><![CDATA[I can enter multiple entries (with different codes and hours) for the same day.]]></description>
			<creator uid='8aa3a87666ee6372be6732ac03d2708c'/>
			<feature uid='3'/>
			<actor />
			<tasks/>
			<comments/>
			<activities>

				<activity id='54'>
					<dateCreated>2012-08-17 15:50:07</dateCreated>
					<posterId>2</posterId>
					<posterClass>org.icescrum.core.domain.User</posterClass>
					<code>save</code>
					<cachedLabel><![CDATA[Submit multiple-entry card]]></cachedLabel>
					<cachedDescription/>
				</activity>

				<activity id='55'>
					<dateCreated>2012-08-17 15:53:27</dateCreated>
					<posterId>2</posterId>
					<posterClass>org.icescrum.core.domain.User</posterClass>
					<code>acceptAs</code>
					<cachedLabel><![CDATA[Submit multiple-entry card]]></cachedLabel>
					<cachedDescription/>
				</activity>

				<activity id='85'>
					<dateCreated>2012-08-17 15:59:28</dateCreated>
					<posterId>2</posterId>
					<posterClass>org.icescrum.core.domain.User</posterClass>
					<code>update</code>
					<cachedLabel><![CDATA[Submit multiple-entry card]]></cachedLabel>
					<cachedDescription/>
				</activity>

				<activity id='86'>
					<dateCreated>2012-08-17 15:59:29</dateCreated>
					<posterId>2</posterId>
					<posterClass>org.icescrum.core.domain.User</posterClass>
					<code>update</code>
					<cachedLabel><![CDATA[Submit multiple-entry card]]></cachedLabel>
					<cachedDescription/>
				</activity>
			</activities>
			<acceptanceTests/>
			<attachments/>
		</story>

		<story uid='5'>
			<state>3</state>
			<suggestedDate>2012-08-17 15:44:35</suggestedDate>
			<acceptedDate>2012-08-17 15:53:27</acceptedDate>
			<estimatedDate>2012-08-17 17:15:05</estimatedDate>
			<plannedDate/>
			<inProgressDate/>
			<doneDate/>
			<effort>5</effort>
			<value>0</value>
			<rank>4</rank>
			<creationDate>2012-08-17 15:44:35</creationDate>
			<type>0</type>
			<executionFrequency>1</executionFrequency>
			<name><![CDATA[Handle multi-card timesheet]]></name>
			<textAs/>
			<textICan/>
			<textTo/>
			<notes/>
			<description><![CDATA[I can enter time in multiple cards]]></description>
			<creator uid='8aa3a87666ee6372be6732ac03d2708c'/>
			<feature uid='3'/>
			<actor />
			<tasks/>
			<comments/>
			<activities>

				<activity id='48'>
					<dateCreated>2012-08-17 15:44:35</dateCreated>
					<posterId>2</posterId>
					<posterClass>org.icescrum.core.domain.User</posterClass>
					<code>save</code>
					<cachedLabel><![CDATA[Handle multi-card timesheet]]></cachedLabel>
					<cachedDescription/>
				</activity>

				<activity id='61'>
					<dateCreated>2012-08-17 15:53:27</dateCreated>
					<posterId>2</posterId>
					<posterClass>org.icescrum.core.domain.User</posterClass>
					<code>acceptAs</code>
					<cachedLabel><![CDATA[Handle multi-card timesheet]]></cachedLabel>
					<cachedDescription/>
				</activity>

				<activity id='77'>
					<dateCreated>2012-08-17 15:58:11</dateCreated>
					<posterId>2</posterId>
					<posterClass>org.icescrum.core.domain.User</posterClass>
					<code>update</code>
					<cachedLabel><![CDATA[Handle multi-card timesheet]]></cachedLabel>
					<cachedDescription/>
				</activity>

				<activity id='78'>
					<dateCreated>2012-08-17 15:58:11</dateCreated>
					<posterId>2</posterId>
					<posterClass>org.icescrum.core.domain.User</posterClass>
					<code>update</code>
					<cachedLabel><![CDATA[Handle multi-card timesheet]]></cachedLabel>
					<cachedDescription/>
				</activity>

				<activity id='110'>
					<dateCreated>2012-08-17 17:15:05</dateCreated>
					<posterId>2</posterId>
					<posterClass>org.icescrum.core.domain.User</posterClass>
					<code>update</code>
					<cachedLabel><![CDATA[Handle multi-card timesheet]]></cachedLabel>
					<cachedDescription/>
				</activity>
			</activities>
			<acceptanceTests/>
			<attachments/>
		</story>
	</stories>
	<cliches/>
	<productOwners>
		<user uid='8aa3a87666ee6372be6732ac03d2708c'>
			<id>2</id>
			<username>fcuenca</username>
			<password>5b8689a7517daf36019820d834bb0ac830d8cf2765a8dcf2c42cbc2dd300544b</password>
			<email>fcuenca@teksystems.com</email>
			<dateCreated>2012-07-19 20:45:56</dateCreated>
			<enabled>true</enabled>
			<accountExpired>false</accountExpired>
			<accountLocked>false</accountLocked>
			<passwordExpired>false</passwordExpired>
			<accountExternal>false</accountExternal>
			<lastName><![CDATA[Cuenca]]></lastName>
			<firstName><![CDATA[Fernando]]></firstName>
			<preferences>
				<language>en</language>
				<activity>Coach</activity>
				<filterTask>allTasks</filterTask>
				<menu>[project:1, sprintPlan:6, releasePlan:5, backlog:3, sandbox:2, timeline:4]</menu>
				<menuHidden>[feature:2, actor:1]</menuHidden>
				<hideDoneState>false</hideDoneState>
			</preferences>
			<teams>
				<team uid='2a09fa82e533b7a7eba2f723e8a48e08'/>
				<team uid='23508886f1a355334d26b186960518e5'/>
			</teams>
		</user>
	</productOwners>
</product>
</export>